Full Name,NRIC/FIN/Passport Number,Sex,Nationality,Date of Birth (DD/MM/YY),Address,Postal Code,Contact - Home,Contact - Office,Contact - Mobile,Email,Drug Allergy
Tan Kai Xuan,S4744854C,M,Malaysian,18/12/93,Blk 433 Ang Mo Kio Ave 3 #03-704,131244,62571945,64668136,89478454,kai.tan78@gmail.com,None
Loh Amir,S8536477Z,M,Singaporean,25/01/05,Blk 433 Bukit Batok West Ave 6 #06-814,391369,63608513,64612365,92714803,amir.loh12@outlook.com,Sulfa drugs
Rahman Sarah,T1728977H,F,Singaporean,03/07/09,Blk 850 Woodlands Street 13 #18-400,748564,67067228,64226067,81768805,sarah.rahman85@yahoo.com,Aspirin
Chua Jun Kai,T5663623H,M,Singaporean,12/03/73,Blk 687 Tampines Street 21 #12-314,816751,62197935,63871230,83741438,jun.chua60@outlook.com,Aspirin
Ali Wei Ming,S1538552F,M,Singaporean,19/04/54,Blk 672 Serangoon Ave 3 #11-317,514850,68698256,63396987,93342608,wei.ali32@icloud.com,None
Tay Kavya,T7073292D,F,Australian,16/09/58,Blk 49 Bishan Street 22 #03-873,214975,63564251,63684052,92065818,kavya.tay50@outlook.com,Iodine contrast
Chan Nur Aisyah,S2921859J,F,Indonesian,25/05/98,Blk 301 Jurong West St 42 #11-214,265840,68612220,61054447,99398441,nur.chan98@yahoo.com,None
Teo Sheng Yang,S3564217F,M,Indian,01/09/84,Blk 501 Ang Mo Kio Ave 3 #20-431,217301,67089806,66159230,81971823,sheng.teo31@icloud.com,Sulfa drugs
Yeo Jun Kai,S3154051J,M,Singaporean,09/03/85,Blk 622 Jurong West St 42 #17-993,322086,64374754,66229731,97264956,jun.yeo57@icloud.com,Latex
Chua Arjun,S6672134A,M,Singaporean,08/10/64,Blk 725 Woodlands Street 13 #01-172,161733,64841005,62130789,86543670,arjun.chua10@icloud.com,None
Yeo Xin Yi,S8930103D,F,Indian,07/07/01,Blk 675 Jurong West St 42 #04-199,471507,68106470,67897151,91908841,xin.yeo87@gmail.com,Penicillin
Ali Siti,S4214348D,F,Singaporean,06/07/58,Blk 256 Bishan Street 22 #09-573,179046,68434500,62642635,81247595,siti.ali12@yahoo.com,NSAIDs
Yeo Charlotte,S7728339A,F,Singaporean,09/07/50,Blk 434 Yishun Ring Road #15-392,682765,69164991,63597059,85977931,charlotte.yeo28@gmail.com,Iodine contrast
Ali Wei Ming,S8999183I,M,Filipino,02/03/83,Blk 872 Clementi Ave 2 #17-182,171849,62140194,64946066,93011363,wei.ali73@yahoo.com,Iodine contrast
Sim Jun Kai,T9770838F,M,Filipino,23/11/63,Blk 272 Jurong West St 42 #11-344,237235,66033115,68670955,92217071,jun.sim2@outlook.com,Iodine contrast
Lee Sheng Yang,S9487336E,M,Singaporean,08/02/72,Blk 162 Serangoon Ave 3 #12-391,669605,66075395,69874152,86022741,sheng.lee85@gmail.com,NSAIDs
Ng Siti,S5569244E,F,Singaporean,07/06/95,Blk 501 Tampines Street 21 #09-617,153266,62548511,68106422,91739653,siti.ng1@hotmail.com,NSAIDs
Wong Charlotte,T1162230B,F,Singaporean,05/12/06,Blk 855 Bukit Batok West Ave 6 #18-136,710805,63484601,68210624,81701771,charlotte.wong40@hotmail.com,Penicillin
Goh Xin Yi,S6933742I,F,Indonesian,24/10/76,Blk 886 Clementi Ave 2 #05-342,285652,67917152,61415846,86573147,xin.goh53@yahoo.com,Aspirin
Ng Amir,S8896868D,M,Singaporean,12/08/08,Blk 815 Bishan Street 22 #10-940,338651,64740036,61397023,87685149,amir.ng43@hotmail.com,Sulfa drugs
Rahman Wan Ting,T9996207F,F,Filipino,06/05/57,Blk 40 Bedok North Road #19-371,725550,68290770,66799667,98321474,wan.rahman78@icloud.com,Sulfa drugs
Tay Xin Yi,T1744682G,F,Singaporean,22/09/09,Blk 442 Bedok North Road #07-472,796503,66539837,66266630,86038571,xin.tay65@hotmail.com,None
Kumar Nur Aisyah,S4218542G,F,Singaporean,24/11/74,Blk 583 Tampines Street 21 #06-730,525800,61006810,66098175,94526280,nur.kumar56@icloud.com,Iodine contrast
Devi Charlotte,T4585314I,F,Singaporean,06/12/07,Blk 528 Woodlands Street 13 #03-390,763686,66623525,62566777,86207974,charlotte.devi29@yahoo.com,NSAIDs
Lim Arjun,T2221854H,M,Singaporean,07/10/90,Blk 410 Toa Payoh Lorong 4 #13-606,254739,61093026,62788238,94671545,arjun.lim23@icloud.com,Latex
Loh Arjun,S8658158C,M,Chinese,18/09/92,Blk 973 Queenstown Road #20-424,564071,69468772,68159521,93670226,arjun.loh96@outlook.com,Latex
Chua Nur Aisyah,T5013879E,F,Singaporean,08/05/95,Blk 328 Punggol Field #09-443,666390,62351868,63321531,84879923,nur.chua50@yahoo.com,None
Singh Amir,T8816912G,M,Singaporean,13/07/03,Blk 21 Bishan Street 22 #19-812,703655,67381734,69002392,86901533,amir.singh39@outlook.com,None
Yeo Arjun,T8312114H,M,Singaporean,22/11/71,Blk 170 Bishan Street 22 #13-841,590094,63141239,69961107,87610562,arjun.yeo76@icloud.com,Penicillin
Singh Hafiz,T4048907A,M,Singaporean,15/04/70,Blk 780 Punggol Field #11-445,497542,65668371,68072684,92374158,hafiz.singh61@gmail.com,None
Rahman Arjun,S1675419A,M,British,20/01/62,Blk 130 Serangoon Ave 3 #05-344,801978,62919136,64656838,95299055,arjun.rahman99@hotmail.com,NSAIDs
Wong Kai Xuan,S1430812E,M,Singaporean,13/07/08,Blk 607 Yishun Ring Road #07-177,757711,65074336,62709620,93030966,kai.wong73@gmail.com,Codeine
Rahman Siti,T1212267G,F,Chinese,12/07/56,Blk 157 Jurong West St 42 #15-824,284692,69753457,65531230,98799287,siti.rahman56@icloud.com,Aspirin
Chua Siti,T8563202D,F,Indian,22/10/86,Blk 30 Serangoon Ave 3 #13-444,440802,64050766,69179730,86952975,siti.chua34@hotmail.com,Aspirin
Loh Hui Min,S2436347D,F,Malaysian,25/09/81,Blk 488 Woodlands Street 13 #08-807,614663,68519121,61289293,85936453,hui.loh29@outlook.com,None
Tay Mei Ling,T9907391F,F,Singaporean,11/09/97,Blk 465 Tampines Street 21 #12-819,421517,65217853,64867786,84231028,mei.tay41@gmail.com,None
Goh Arjun,T5638893Z,M,Australian,10/10/83,Blk 199 Tampines Street 21 #04-952,338533,67054579,64010529,91237370,arjun.goh91@icloud.com,NSAIDs
Lim Hui Min,T3118618J,F,Indonesian,28/02/81,Blk 292 Serangoon Ave 3 #01-687,601968,68389840,66716097,81861958,hui.lim33@outlook.com,Sulfa drugs
Kumar Ravi,S1899411C,M,Singaporean,03/05/86,Blk 572 Queenstown Road #08-221,536390,64786401,69767312,98558378,ravi.kumar57@hotmail.com,Iodine contrast
Teo Sarah,S2664863D,F,Singaporean,03/11/66,Blk 178 Hougang Ave 8 #06-345,178711,63626181,61044891,98558197,sarah.teo89@icloud.com,Latex
Lim Xin Yi,T5743227H,F,Singaporean,26/05/64,Blk 824 Punggol Field #19-777,307428,68132648,62925626,83499627,xin.lim35@yahoo.com,Sulfa drugs
Wong Kai Xuan,T8367772B,M,Singaporean,13/12/69,Blk 553 Serangoon Ave 3 #09-612,559023,62349590,61668752,96407658,kai.wong78@hotmail.com,Penicillin
Chua Daniel,S5521644Z,M,Singaporean,16/03/98,Blk 453 Punggol Field #17-767,391668,64044882,68312936,92530793,daniel.chua61@hotmail.com,None
Ali Siti,S6533187G,F,Singaporean,13/11/68,Blk 466 Bedok North Road #18-137,429795,65234550,66423634,87780932,siti.ali66@gmail.com,None
Singh Hui Min,S9697969F,F,Singaporean,15/11/81,Blk 274 Hougang Ave 8 #02-308,237377,65832327,68350368,93037191,hui.singh4@icloud.com,None
Teo Sheng Yang,S7844947B,M,Singaporean,15/02/03,Blk 853 Clementi Ave 2 #04-763,622584,65896624,69537455,97970771,sheng.teo62@outlook.com,None
Loh Priya,T4197911Z,F,Singaporean,28/03/06,Blk 792 Queenstown Road #03-382,535098,66702160,69518424,91043037,priya.loh37@hotmail.com,Iodine contrast
Ong Charlotte,T6790218F,F,Singaporean,15/07/84,Blk 194 Yishun Ring Road #11-990,350405,67425184,64918527,91732280,charlotte.ong41@outlook.com,None
Ong Charlotte,S3118060I,F,British,28/02/71,Blk 539 Punggol Field #15-202,579123,61257489,63418526,93589751,charlotte.ong10@outlook.com,Aspirin
Sim Kavya,S6512415J,F,Indonesian,21/06/74,Blk 555 Ang Mo Kio Ave 3 #16-993,747453,62147909,64938791,94816586,kavya.sim96@gmail.com,None
Ng Ravi,S6024207A,M,Singaporean,10/01/00,Blk 442 Clementi Ave 2 #12-483,356059,69911492,67913081,83851852,ravi.ng23@gmail.com,Iodine contrast
Sim Xin Yi,T3401116D,F,Singaporean,09/08/66,Blk 477 Punggol Field #01-923,401603,63650391,62239197,96797629,xin.sim76@hotmail.com,None
Devi Nur Aisyah,S7454081H,F,Singaporean,12/10/74,Blk 717 Tampines Street 21 #19-402,123005,67640518,65605016,81822825,nur.devi78@outlook.com,Aspirin
Sim Zhi Hao,S4189885Z,M,Singaporean,25/12/98,Blk 100 Punggol Field #05-743,757937,61661401,66183033,91559763,zhi.sim75@hotmail.com,NSAIDs
Teo Zhi Hao,T3946751D,M,Singaporean,17/06/84,Blk 851 Clementi Ave 2 #17-379,369452,69084065,65951651,92932227,zhi.teo60@gmail.com,NSAIDs
Kumar Sheng Yang,T2515030G,M,Singaporean,15/02/84,Blk 767 Woodlands Street 13 #12-788,374896,67392547,67232293,84922880,sheng.kumar61@gmail.com,Iodine contrast
Sim Xin Yi,S8789116E,F,Singaporean,02/03/57,Blk 505 Bedok North Road #02-411,201913,64939290,63276065,98610879,xin.sim48@icloud.com,None
Singh Jun Kai,T7847048E,M,Singaporean,15/04/73,Blk 876 Bukit Batok West Ave 6 #15-341,204180,67162857,67017548,87679674,jun.singh36@yahoo.com,Sulfa drugs
Lee Xin Yi,S1848566F,F,Singaporean,07/10/58,Blk 784 Hougang Ave 8 #03-949,317220,64623062,64909069,93475548,xin.lee77@gmail.com,Aspirin
Ong Sheng Yang,T3927575B,M,Singaporean,01/03/51,Blk 808 Toa Payoh Lorong 4 #12-908,717457,66431983,61264762,85452128,sheng.ong7@yahoo.com,None
Lee Ravi,T7074006I,M,Singaporean,08/09/78,Blk 745 Queenstown Road #20-144,790909,69748499,66060517,91522621,ravi.lee8@outlook.com,None
Ng Charlotte,T2232969B,F,Singaporean,05/02/59,Blk 649 Pasir Ris Drive 1 #09-739,674993,66455706,67390515,98612081,charlotte.ng65@icloud.com,None
Ng Sheng Yang,S8215376H,M,Indonesian,27/06/76,Blk 426 Yishun Ring Road #15-508,199704,66243691,68159911,95276341,sheng.ng48@yahoo.com,Latex
Lee Jun Kai,S8245685B,M,Malaysian,18/03/73,Blk 980 Hougang Ave 8 #02-700,688967,66530541,63050700,96932391,jun.lee86@outlook.com,Penicillin
Sim Nur Aisyah,T2738129Z,F,Singaporean,16/11/59,Blk 111 Bukit Batok West Ave 6 #08-967,683286,67166651,62927455,94794319,nur.sim55@icloud.com,Iodine contrast
Sim Kai Xuan,S4026879E,M,Malaysian,12/06/69,Blk 891 Clementi Ave 2 #01-285,693830,67724045,62167449,81514340,kai.sim12@icloud.com,None
Singh Charlotte,T3640889F,F,Singaporean,20/10/70,Blk 160 Clementi Ave 2 #03-153,747850,61834876,62368710,98434202,charlotte.singh85@outlook.com,Latex
Singh Nur Aisyah,S9595744B,F,Singaporean,22/05/57,Blk 540 Woodlands Street 13 #19-598,423401,61761976,64699685,91919088,nur.singh1@yahoo.com,Aspirin
Ong Kai Xuan,T6504979B,M,Singaporean,06/07/97,Blk 546 Yishun Ring Road #05-489,341288,69393009,66941939,87661748,kai.ong95@gmail.com,None
Devi Jun Kai,T8202195Z,M,Singaporean,10/07/90,Blk 22 Bukit Batok West Ave 6 #04-514,280222,68719145,67070880,88326807,jun.devi14@yahoo.com,None
Chan Siti,T6205543F,F,Singaporean,03/03/99,Blk 117 Hougang Ave 8 #17-748,634723,64253164,66861544,93477824,siti.chan31@gmail.com,NSAIDs
Goh Priya,S2264218C,F,British,15/08/90,Blk 594 Serangoon Ave 3 #19-878,814220,66422534,66303930,88377995,priya.goh9@outlook.com,Latex
Koh Sarah,S6904610I,F,Singaporean,02/08/79,Blk 852 Tampines Street 21 #02-477,180458,62514923,69507186,98763013,sarah.koh75@icloud.com,Penicillin
Tay Xin Yi,T8979730I,F,Singaporean,04/08/53,Blk 87 Hougang Ave 8 #11-831,777513,63895058,61656695,88344365,xin.tay57@icloud.com,None
Rahman Zhi Hao,T7499771G,M,Indian,02/10/93,Blk 338 Bedok North Road #11-167,685066,67485471,65767195,93522845,zhi.rahman43@gmail.com,Iodine contrast
Rahman Kai Xuan,T3163449Z,M,Malaysian,18/05/55,Blk 811 Bukit Batok West Ave 6 #13-758,234001,69831414,62567880,99531021,kai.rahman47@gmail.com,Codeine
Wong Xin Yi,T9158272D,F,Singaporean,03/03/58,Blk 808 Bedok North Road #10-964,632351,69833734,61633297,93198638,xin.wong77@outlook.com,NSAIDs
Wong Daniel,S8342941A,M,Singaporean,08/12/93,Blk 292 Queenstown Road #15-725,570735,64925917,69959220,86192009,daniel.wong61@yahoo.com,Codeine
Devi Nur Aisyah,T9437374I,F,Singaporean,26/04/60,Blk 894 Tampines Street 21 #20-241,154714,69062973,67227905,89655523,nur.devi16@hotmail.com,Sulfa drugs
Koh Ravi,S8339571B,M,British,12/08/64,Blk 55 Jurong West St 42 #01-524,626392,67274032,64955699,92369112,ravi.koh48@yahoo.com,Penicillin
Ng Mei Ling,S3308538A,F,Singaporean,23/08/03,Blk 723 Serangoon Ave 3 #05-877,570392,61088100,62329187,85293691,mei.ng28@yahoo.com,None
Ng Nur Aisyah,S6052478B,F,Singaporean,26/11/76,Blk 65 Bedok North Road #20-568,624108,69993490,61275739,83408819,nur.ng38@outlook.com,Penicillin
Chua Sarah,T4142605J,F,Singaporean,03/06/83,Blk 520 Queenstown Road #17-657,632280,61341153,67550726,91730386,sarah.chua82@outlook.com,Codeine
Tan Mei Ling,S6784825D,F,Malaysian,25/02/90,Blk 775 Bukit Batok West Ave 6 #19-852,239890,61743829,66910597,93937508,mei.tan88@outlook.com,Latex
Ong Jun Kai,T1620485E,M,Singaporean,02/04/00,Blk 528 Jurong West St 42 #11-417,669408,68942330,65249899,84206183,jun.ong37@hotmail.com,Penicillin
Koh Siti,T8330827G,F,Malaysian,11/07/07,Blk 709 Serangoon Ave 3 #06-608,485191,69712003,65474830,88121922,siti.koh11@outlook.com,Iodine contrast
Loh Kai Xuan,T2721307B,M,Singaporean,15/05/68,Blk 437 Clementi Ave 2 #20-834,823270,68447546,66897979,91710601,kai.loh94@hotmail.com,Iodine contrast
Koh Hui Min,S7815076F,F,Singaporean,06/11/97,Blk 870 Pasir Ris Drive 1 #01-246,811027,68351320,61583829,82127988,hui.koh31@hotmail.com,Codeine
Tay Hui Min,S8548448F,F,Singaporean,19/02/98,Blk 376 Jurong West St 42 #05-642,429657,65675638,65187788,81434753,hui.tay95@yahoo.com,Latex
Loh Siti,T5366937H,F,Singaporean,23/05/89,Blk 126 Clementi Ave 2 #16-304,177649,68584017,63896693,92472884,siti.loh88@hotmail.com,Codeine
Loh Sheng Yang,T6032437C,M,Malaysian,21/12/09,Blk 371 Hougang Ave 8 #06-912,335134,63036124,64371891,84971774,sheng.loh64@gmail.com,Codeine
Devi Wan Ting,S2446455B,F,Singaporean,16/12/95,Blk 788 Jurong West St 42 #17-520,702826,62237331,63102634,92244282,wan.devi58@outlook.com,None
Ong Wan Ting,S3164813G,F,Singaporean,27/01/05,Blk 157 Tampines Street 21 #04-630,272655,63717354,66413349,86805303,wan.ong67@hotmail.com,Sulfa drugs
Goh Wan Ting,T3100009J,F,Singaporean,17/02/84,Blk 965 Pasir Ris Drive 1 #06-706,261684,63872269,66664316,81476028,wan.goh11@gmail.com,Iodine contrast
Goh Sarah,T1508113H,F,Indonesian,21/05/84,Blk 251 Queenstown Road #10-594,818264,67813102,65990112,92224284,sarah.goh89@gmail.com,NSAIDs
Singh Charlotte,T4422938F,F,Singaporean,11/12/70,Blk 134 Queenstown Road #12-508,488539,69639932,62781470,95055688,charlotte.singh60@gmail.com,Aspirin
Chua Priya,S1849015E,F,British,14/10/05,Blk 924 Clementi Ave 2 #08-986,443341,66246485,64184887,89359508,priya.chua66@outlook.com,Latex
Yeo Hui Min,S7597509I,F,Singaporean,19/04/65,Blk 52 Tampines Street 21 #12-149,618934,68895137,65794062,82803501,hui.yeo56@yahoo.com,Aspirin
Kumar Mei Ling,S7720644A,F,Singaporean,18/06/62,Blk 396 Hougang Ave 8 #10-175,572230,65692934,62993318,82622046,mei.kumar51@hotmail.com,Codeine
Ong Xin Yi,T9389915A,F,Singaporean,11/12/58,Blk 468 Clementi Ave 2 #16-631,735710,69648751,63345135,96344047,xin.ong21@outlook.com,Iodine contrast
Tay Mei Ling,T6029651H,F,Chinese,22/06/73,Blk 598 Tampines Street 21 #04-526,821466,61447065,68962302,94817541,mei.tay93@gmail.com,Iodine contrast
Wong Wan Ting,T3479264J,F,Singaporean,04/12/86,Blk 452 Bukit Batok West Ave 6 #07-119,539122,63540594,67928320,87884990,wan.wong65@icloud.com,Latex
Ong Sheng Yang,S6453426J,M,Singaporean,06/06/74,Blk 351 Hougang Ave 8 #15-645,471496,65435261,69123194,85135904,sheng.ong36@icloud.com,Aspirin
Teo Kai Xuan,S9204110F,M,Singaporean,09/12/85,Blk 588 Woodlands Street 13 #10-224,669576,67370211,67619156,93457461,kai.teo38@gmail.com,Aspirin
Rahman Ravi,T9037616D,M,Singaporean,18/05/84,Blk 112 Pasir Ris Drive 1 #09-240,715336,65014486,65067770,89909397,ravi.rahman29@yahoo.com,Penicillin
Singh Zhi Hao,T2686863J,M,Indian,06/09/50,Blk 958 Punggol Field #14-768,598807,69010256,64346315,96388299,zhi.singh37@gmail.com,Sulfa drugs
Loh Wei Ming,S8010946C,M,Filipino,26/07/52,Blk 960 Yishun Ring Road #16-290,403528,61628578,61155477,92800206,wei.loh43@hotmail.com,Latex
Ong Wan Ting,T5577446D,F,Chinese,24/03/71,Blk 264 Yishun Ring Road #15-763,295243,61236293,66655803,94240708,wan.ong23@icloud.com,None
Chan Mei Ling,S7724865J,F,Singaporean,11/08/58,Blk 268 Jurong West St 42 #08-106,346961,68494978,65479421,96065810,mei.chan75@icloud.com,Penicillin
Rahman Xin Yi,S2983483H,F,Singaporean,17/11/75,Blk 121 Woodlands Street 13 #10-806,409369,67166363,64705235,83240912,xin.rahman62@yahoo.com,Latex
Singh Wan Ting,T4664338D,F,Singaporean,17/02/88,Blk 721 Bukit Batok West Ave 6 #15-640,181896,62882551,62036128,83514105,wan.singh22@hotmail.com,None
Ng Xin Yi,T2525747I,F,Singaporean,05/08/53,Blk 468 Pasir Ris Drive 1 #17-525,160541,68757420,66170227,87642917,xin.ng33@gmail.com,None
Lim Amir,T2069713I,M,Australian,16/02/09,Blk 419 Clementi Ave 2 #02-393,242007,68052503,67282411,98525204,amir.lim49@outlook.com,Sulfa drugs
Rahman Jun Kai,S7594429I,M,Singaporean,25/01/64,Blk 475 Woodlands Street 13 #01-405,670892,68115687,69924365,94853123,jun.rahman32@outlook.com,Codeine
Koh Arjun,S1540516J,M,Singaporean,08/01/99,Blk 104 Pasir Ris Drive 1 #07-168,135207,68490038,61816653,81742169,arjun.koh52@outlook.com,None
Lim Hafiz,T4928578Z,M,Singaporean,27/11/88,Blk 310 Punggol Field #11-342,250219,69745141,64708481,96041569,hafiz.lim36@gmail.com,None
Singh Sheng Yang,T1786584F,M,British,26/07/92,Blk 714 Jurong West St 42 #17-426,528090,63503456,66031294,94084977,sheng.singh97@icloud.com,Latex
Chua Kai Xuan,S8768273A,M,Singaporean,17/09/76,Blk 249 Tampines Street 21 #05-497,313214,66540893,62326581,97225647,kai.chua12@icloud.com,None
Koh Amir,S2221118D,M,Chinese,22/12/87,Blk 491 Toa Payoh Lorong 4 #18-322,449138,66086650,61257256,84188068,amir.koh95@gmail.com,Latex
Sim Arjun,T5015307I,M,Singaporean,15/07/68,Blk 368 Tampines Street 21 #18-764,374267,67033835,69603633,98818250,arjun.sim13@outlook.com,Codeine
Rahman Zhi Hao,T1766977Z,M,Indonesian,01/03/97,Blk 958 Pasir Ris Drive 1 #09-666,707275,68005797,65952504,84291551,zhi.rahman43@yahoo.com,None
Yeo Sheng Yang,T5317226H,M,British,16/12/91,Blk 751 Queenstown Road #15-272,469283,63839807,63348114,94087809,sheng.yeo70@gmail.com,None
Lee Wei Ming,S7918793C,M,Chinese,23/02/64,Blk 224 Hougang Ave 8 #05-109,578160,67261268,62014184,99184838,wei.lee3@gmail.com,None
Tan Hui Min,T9988193E,F,Singaporean,22/12/02,Blk 963 Punggol Field #14-925,287974,62795437,62615878,85042786,hui.tan25@icloud.com,None
Rahman Nur Aisyah,T2325722F,F,British,08/10/79,Blk 701 Bishan Street 22 #08-407,184532,61531577,62568678,97362994,nur.rahman49@icloud.com,Latex
Tan Hafiz,S9386232G,M,Singaporean,28/10/71,Blk 942 Ang Mo Kio Ave 3 #04-640,340927,64546989,68977571,91781180,hafiz.tan10@hotmail.com,None
Wong Zhi Hao,S4475536Z,M,Singaporean,27/12/02,Blk 307 Clementi Ave 2 #13-178,691353,65034453,67528964,97439870,zhi.wong97@yahoo.com,Sulfa drugs
Lim Siti,T4894730B,F,Singaporean,20/10/99,Blk 335 Ang Mo Kio Ave 3 #13-892,764926,65585666,68558977,94827527,siti.lim46@icloud.com,None
Wong Sarah,T2437708Z,F,Singaporean,03/12/65,Blk 158 Jurong West St 42 #03-374,764693,63588336,67536772,97051545,sarah.wong14@gmail.com,Penicillin
Devi Mei Ling,T2715158C,F,Singaporean,18/08/77,Blk 418 Bedok North Road #18-624,127537,62503554,66937696,86443037,mei.devi50@gmail.com,Aspirin
Kumar Siti,S9742683C,F,Singaporean,09/03/60,Blk 505 Clementi Ave 2 #10-374,166340,63805274,68292657,98064924,siti.kumar39@outlook.com,Sulfa drugs
Koh Xin Yi,T4280754H,F,Singaporean,13/01/69,Blk 636 Jurong West St 42 #11-961,445549,68385715,66615941,93283789,xin.koh39@hotmail.com,Iodine contrast
Yeo Zhi Hao,S7681351F,M,Singaporean,16/11/94,Blk 249 Bukit Batok West Ave 6 #19-900,494322,65702656,67592357,92910720,zhi.yeo73@yahoo.com,Iodine contrast
Loh Wei Ming,T4517316H,M,Indian,03/12/03,Blk 512 Clementi Ave 2 #14-789,764100,66080688,65060441,93586094,wei.loh92@outlook.com,None
Devi Daniel,T7724393I,M,Singaporean,14/12/08,Blk 810 Bukit Batok West Ave 6 #18-137,662986,62425760,62834914,86956059,daniel.devi22@icloud.com,Penicillin
Ali Kavya,S1176962B,F,Singaporean,17/12/82,Blk 705 Pasir Ris Drive 1 #18-694,331768,68478923,67276684,98768911,kavya.ali99@icloud.com,None
Rahman Wei Ming,T2754047E,M,Singaporean,27/02/55,Blk 320 Bukit Batok West Ave 6 #05-456,577450,64470657,69742856,96843509,wei.rahman61@gmail.com,Latex
Ali Siti,T1749657B,F,Singaporean,04/11/71,Blk 250 Hougang Ave 8 #06-858,282927,63686631,66553084,98751982,siti.ali30@outlook.com,NSAIDs
Singh Amir,S4310554H,M,Singaporean,23/01/74,Blk 286 Queenstown Road #07-310,165602,62707116,64136665,96469119,amir.singh26@outlook.com,Sulfa drugs
Yeo Wan Ting,T7520284Z,F,Singaporean,12/06/57,Blk 177 Bishan Street 22 #15-732,806309,65990296,62421902,86254384,wan.yeo16@yahoo.com,Aspirin
Wong Zhi Hao,S9570219G,M,Singaporean,13/10/58,Blk 499 Woodlands Street 13 #14-290,663483,63906397,63799538,95845843,zhi.wong18@yahoo.com,Codeine
Sim Hui Min,T1160783H,F,Singaporean,18/07/02,Blk 507 Jurong West St 42 #17-768,817956,69249791,67973121,99199017,hui.sim22@gmail.com,Iodine contrast
Chua Kai Xuan,S5611266D,M,Singaporean,19/08/60,Blk 524 Bedok North Road #16-662,700534,62916069,65494430,91698108,kai.chua98@outlook.com,None
Singh Jun Kai,S5994727A,M,Singaporean,15/02/72,Blk 832 Toa Payoh Lorong 4 #04-894,320073,66882609,68183451,83335975,jun.singh27@yahoo.com,Penicillin
Loh Nur Aisyah,S6430006E,F,Singaporean,22/09/67,Blk 986 Queenstown Road #04-238,531589,61994652,65652716,83226183,nur.loh32@yahoo.com,Codeine
Kumar Ravi,S5508325J,M,Singaporean,21/02/78,Blk 528 Yishun Ring Road #03-512,391740,67191986,68628527,96491002,ravi.kumar75@gmail.com,Sulfa drugs
Rahman Siti,T4654579G,F,Chinese,11/05/81,Blk 561 Pasir Ris Drive 1 #10-445,236937,69142618,66766993,81770794,siti.rahman13@outlook.com,Penicillin
Wong Ravi,T1011340G,M,Singaporean,21/03/94,Blk 896 Punggol Field #10-262,387330,62565985,67047102,92382787,ravi.wong48@yahoo.com,Penicillin
Teo Xin Yi,T2530068B,F,Singaporean,05/02/80,Blk 532 Woodlands Street 13 #19-331,566686,61155809,61135267,93023227,xin.teo55@yahoo.com,Latex
Chua Amir,S2718442B,M,Singaporean,05/05/06,Blk 833 Queenstown Road #13-892,239613,63396676,62147756,83753418,amir.chua57@hotmail.com,None
Singh Daniel,T4644760B,M,Indonesian,19/02/58,Blk 987 Jurong West St 42 #13-459,429780,63345961,65157165,92413458,daniel.singh32@icloud.com,Iodine contrast
Tan Nur Aisyah,S9686388Z,F,Singaporean,10/07/97,Blk 920 Queenstown Road #02-902,350967,69302838,67474085,85044680,nur.tan64@icloud.com,Sulfa drugs
Rahman Zhi Hao,S7490068Z,M,Singaporean,06/11/84,Blk 75 Ang Mo Kio Ave 3 #16-888,715895,62133008,61231415,94619565,zhi.rahman6@gmail.com,None
Chan Kavya,T7749095B,F,Singaporean,05/10/84,Blk 318 Bedok North Road #09-185,636141,64409088,63606795,97555386,kavya.chan76@gmail.com,Aspirin
Chua Hui Min,S2446410G,F,Singaporean,02/10/89,Blk 760 Woodlands Street 13 #10-782,284178,63003921,61212482,81190431,hui.chua21@outlook.com,Codeine
Wong Mei Ling,S5509119B,F,Indian,26/06/51,Blk 537 Bedok North Road #14-378,375722,62293020,69323974,99569497,mei.wong47@gmail.com,Latex
Rahman Hafiz,T2726457Z,M,Singaporean,24/04/57,Blk 46 Bishan Street 22 #17-102,112884,65102892,61771442,97106512,hafiz.rahman50@yahoo.com,NSAIDs
Loh Amir,S6398941D,M,Singaporean,09/06/96,Blk 382 Bedok North Road #03-685,626428,61883692,64008898,89653253,amir.loh6@outlook.com,Sulfa drugs
Teo Nur Aisyah,T2449308I,F,Singaporean,10/04/73,Blk 312 Yishun Ring Road #19-903,752966,65069884,68783398,99277218,nur.teo99@yahoo.com,None
Ong Wei Ming,T1401147D,M,Singaporean,01/12/90,Blk 778 Woodlands Street 13 #11-101,494552,66159172,62743975,89888812,wei.ong31@outlook.com,Latex
Ong Kai Xuan,S1736524D,M,Indonesian,23/07/83,Blk 998 Yishun Ring Road #12-569,189026,62603516,69479670,87616116,kai.ong10@icloud.com,Iodine contrast
Singh Hafiz,S5893511E,M,Indonesian,23/07/09,Blk 464 Tampines Street 21 #11-425,344959,62253047,64400953,82828260,hafiz.singh20@gmail.com,NSAIDs
Devi Mei Ling,T3025626I,F,Singaporean,15/04/99,Blk 272 Bishan Street 22 #10-574,225738,62517010,63644347,91676621,mei.devi28@hotmail.com,NSAIDs
Chua Zhi Hao,T9614423A,M,Singaporean,01/03/66,Blk 464 Hougang Ave 8 #13-975,676843,65191831,62589226,92709721,zhi.chua18@gmail.com,Penicillin
Chua Hafiz,S7720647F,M,Singaporean,03/11/10,Blk 266 Punggol Field #19-700,178629,61365746,62081661,88439543,hafiz.chua17@gmail.com,Codeine
Lim Ravi,S3818391Z,M,Singaporean,16/07/96,Blk 700 Jurong West St 42 #01-491,281201,66938182,64602338,85613428,ravi.lim36@outlook.com,NSAIDs
Sim Daniel,S5951043H,M,Singaporean,02/08/85,Blk 393 Clementi Ave 2 #03-386,539599,64346346,69821696,81327658,daniel.sim49@hotmail.com,Latex
Rahman Sarah,T7515956E,F,Singaporean,08/10/70,Blk 798 Tampines Street 21 #01-930,161437,68913550,69882399,94905100,sarah.rahman21@gmail.com,None
Koh Sheng Yang,S4681115Z,M,Chinese,12/07/01,Blk 243 Pasir Ris Drive 1 #06-280,433451,67019382,61473227,93384080,sheng.koh73@yahoo.com,Latex
Wong Charlotte,S2514267A,F,Singaporean,17/01/64,Blk 340 Punggol Field #16-100,743966,64380011,63189251,93977282,charlotte.wong42@gmail.com,Penicillin
Tay Hafiz,S9829762F,M,British,22/12/73,Blk 104 Bukit Batok West Ave 6 #13-700,416423,66412383,63289279,88329435,hafiz.tay82@outlook.com,Codeine
Loh Daniel,T4745298J,M,Singaporean,10/07/61,Blk 182 Yishun Ring Road #10-230,101885,67569981,61543292,86338793,daniel.loh79@yahoo.com,Iodine contrast
Yeo Hafiz,T2305378D,M,Singaporean,21/03/70,Blk 726 Woodlands Street 13 #03-941,770147,66632941,68493206,85449526,hafiz.yeo27@yahoo.com,Sulfa drugs
Koh Siti,S1807780G,F,Singaporean,14/03/76,Blk 360 Hougang Ave 8 #16-487,493580,62701688,69044494,83728923,siti.koh58@gmail.com,Penicillin
Tan Mei Ling,T2756994B,F,Singaporean,06/07/06,Blk 965 Punggol Field #03-660,197627,66669869,69098979,88236404,mei.tan84@yahoo.com,Iodine contrast
Wong Hui Min,S6554845D,F,Australian,18/12/76,Blk 677 Tampines Street 21 #18-371,411847,64985398,62609202,87591805,hui.wong74@icloud.com,Latex
Lim Zhi Hao,S8174037B,M,Singaporean,20/11/92,Blk 100 Ang Mo Kio Ave 3 #16-304,317005,63866088,65895783,88945197,zhi.lim15@hotmail.com,None
Yeo Nur Aisyah,S7501626C,F,Singaporean,06/06/74,Blk 270 Serangoon Ave 3 #15-145,587648,65419132,64795715,92034137,nur.yeo20@gmail.com,Sulfa drugs
Loh Kavya,S2023137G,F,Chinese,22/09/76,Blk 903 Toa Payoh Lorong 4 #16-686,599397,66013906,62324645,91582647,kavya.loh65@icloud.com,None
Ng Ravi,S3804559D,M,Chinese,14/01/58,Blk 446 Toa Payoh Lorong 4 #03-799,757694,63480985,65326615,92124274,ravi.ng12@outlook.com,None
Loh Mei Ling,T9718920H,F,Filipino,20/12/50,Blk 801 Jurong West St 42 #19-635,217984,67953189,63510581,82681144,mei.loh14@icloud.com,Sulfa drugs
Loh Mei Ling,T5431477G,F,Singaporean,16/10/86,Blk 283 Jurong West St 42 #02-276,250840,67739741,61650662,96561547,mei.loh89@yahoo.com,Penicillin
Koh Mei Ling,S6668452E,F,Singaporean,28/08/03,Blk 234 Clementi Ave 2 #04-989,415076,68434162,66383277,97992286,mei.koh78@gmail.com,None
Goh Kavya,T9665455F,F,Chinese,03/03/82,Blk 519 Jurong West St 42 #10-826,242239,69796063,61485669,84234033,kavya.goh26@gmail.com,None
Devi Wei Ming,T4340507E,M,Singaporean,13/09/79,Blk 32 Toa Payoh Lorong 4 #04-797,490559,69200480,68484373,88962169,wei.devi76@icloud.com,Codeine
Wong Nur Aisyah,S5782670A,F,Singaporean,25/10/60,Blk 227 Woodlands Street 13 #07-977,336047,64468370,65514473,99611430,nur.wong3@gmail.com,Latex
Wong Daniel,S4754238E,M,Singaporean,23/05/10,Blk 917 Jurong West St 42 #09-533,465648,68700708,65227836,88829893,daniel.wong39@icloud.com,Iodine contrast
Tay Siti,S9581776J,F,British,18/06/03,Blk 290 Tampines Street 21 #20-723,817659,62813693,69082229,86641903,siti.tay36@hotmail.com,Aspirin
Teo Xin Yi,S9678746D,F,Indonesian,13/10/01,Blk 144 Yishun Ring Road #11-797,126691,69344531,65959422,98022366,xin.teo52@outlook.com,Penicillin
Ali Arjun,T7014583I,M,Singaporean,18/11/60,Blk 100 Serangoon Ave 3 #06-400,234159,65339457,64071377,92498202,arjun.ali29@hotmail.com,None
Singh Mei Ling,T5371458Z,F,Singaporean,16/02/04,Blk 650 Pasir Ris Drive 1 #02-987,708502,62194801,68922531,89396617,mei.singh16@outlook.com,None
Singh Hui Min,S3304606D,F,Singaporean,05/08/86,Blk 733 Clementi Ave 2 #11-983,184736,69180249,66580596,86258215,hui.singh82@gmail.com,Penicillin
Koh Xin Yi,S3658100H,F,Indian,05/02/99,Blk 649 Jurong West St 42 #20-544,522988,68197852,69009447,91078335,xin.koh5@icloud.com,None
Tan Mei Ling,S1300582J,F,Singaporean,08/04/96,Blk 133 Bedok North Road #12-419,502181,69444584,66135759,82095334,mei.tan6@hotmail.com,Aspirin
Chan Sarah,T8275695J,F,Australian,12/08/71,Blk 971 Punggol Field #07-268,522986,61320859,64832222,83201267,sarah.chan28@gmail.com,Iodine contrast
Ng Zhi Hao,S7294684J,M,Singaporean,02/10/84,Blk 678 Bedok North Road #20-149,785315,61331211,61809249,87992333,zhi.ng57@outlook.com,Sulfa drugs
Yeo Priya,S1156104E,F,Singaporean,17/11/56,Blk 621 Yishun Ring Road #09-737,243826,68026730,62760168,85743032,priya.yeo15@gmail.com,Latex
Sim Arjun,T9776935D,M,Singaporean,06/05/76,Blk 509 Punggol Field #02-661,317782,69064202,66546608,81045936,arjun.sim2@gmail.com,Sulfa drugs
Ong Siti,S2699372E,F,Singaporean,09/05/79,Blk 103 Bishan Street 22 #15-151,283188,61661769,65874908,96246354,siti.ong55@gmail.com,Sulfa drugs
Tan Hafiz,S6514013F,M,Indonesian,24/05/89,Blk 835 Bukit Batok West Ave 6 #03-481,291752,62909784,67723930,98659448,hafiz.tan35@outlook.com,Latex
Wong Siti,S1983923C,F,Singaporean,16/10/08,Blk 449 Clementi Ave 2 #19-794,741018,67371160,67016291,83192032,siti.wong62@outlook.com,Sulfa drugs
Devi Hui Min,S5389135J,F,Singaporean,17/11/95,Blk 579 Toa Payoh Lorong 4 #19-841,802382,66675742,69709047,88261982,hui.devi85@yahoo.com,Latex
Kumar Priya,S1195368J,F,Filipino,28/08/82,Blk 170 Bedok North Road #16-990,615530,66379342,65041494,95666702,priya.kumar7@icloud.com,None
Kumar Xin Yi,S8702329H,F,Chinese,28/02/78,Blk 324 Bedok North Road #16-557,621533,61298116,62722069,97917892,xin.kumar5@icloud.com,None
Lee Daniel,T9528492I,M,Singaporean,11/08/92,Blk 56 Bishan Street 22 #12-945,333746,68624573,66569576,97095071,daniel.lee92@outlook.com,Sulfa drugs
Chua Wei Ming,T6958243J,M,British,17/09/68,Blk 109 Ang Mo Kio Ave 3 #12-818,272129,69261472,63356346,92794516,wei.chua33@icloud.com,None
Ng Amir,S8667959D,M,Malaysian,02/07/56,Blk 791 Punggol Field #19-226,572388,68673695,69459031,89368955,amir.ng1@icloud.com,Penicillin
Tay Charlotte,S3913368C,F,Singaporean,20/10/92,Blk 903 Jurong West St 42 #11-616,539001,65164755,65590177,96752216,charlotte.tay38@outlook.com,NSAIDs
Singh Daniel,T6266549I,M,Singaporean,20/04/62,Blk 354 Punggol Field #10-803,805034,63225862,63983202,92936178,daniel.singh98@hotmail.com,None
Tay Sarah,T9957402E,F,Indonesian,17/01/77,Blk 391 Clementi Ave 2 #04-125,155642,61949670,64353806,93700047,sarah.tay37@hotmail.com,NSAIDs
Teo Arjun,S7017692H,M,Singaporean,24/11/05,Blk 230 Yishun Ring Road #18-985,778553,67524435,64986190,91788191,arjun.teo49@outlook.com,None
Loh Hui Min,S5216804D,F,Singaporean,27/08/99,Blk 722 Yishun Ring Road #08-748,779091,67169672,64296204,85935483,hui.loh58@yahoo.com,Sulfa drugs
Wong Sheng Yang,S7328336A,M,Singaporean,05/05/85,Blk 867 Tampines Street 21 #06-698,105919,66545923,68823741,81670091,sheng.wong20@hotmail.com,Iodine contrast
Sim Kai Xuan,T7007679B,M,Indian,08/09/70,Blk 70 Queenstown Road #06-633,629678,63673793,67978168,92542590,kai.sim45@yahoo.com,None
Ali Mei Ling,T4664903Z,F,Singaporean,01/11/85,Blk 355 Serangoon Ave 3 #04-784,352023,65090740,61669029,97398370,mei.ali15@outlook.com,Aspirin
Tan Wan Ting,T9628674I,F,Singaporean,21/05/52,Blk 527 Bedok North Road #07-428,200617,63808418,69945709,82098434,wan.tan27@yahoo.com,None
Goh Sheng Yang,T2209981J,M,Singaporean,11/12/79,Blk 76 Ang Mo Kio Ave 3 #02-189,286638,65226314,62181822,85339392,sheng.goh53@outlook.com,Latex
Singh Mei Ling,S7534756J,F,Singaporean,24/11/50,Blk 775 Yishun Ring Road #20-164,714054,61763646,62217848,99436204,mei.singh14@hotmail.com,Aspirin
Teo Ravi,T7628900J,M,Singaporean,08/09/60,Blk 401 Queenstown Road #05-864,672233,65948917,63417186,97260091,ravi.teo2@icloud.com,None
Ng Wei Ming,S7611593I,M,Singaporean,07/05/55,Blk 423 Punggol Field #12-316,777308,69599207,63390000,84086885,wei.ng29@icloud.com,Aspirin
Ng Hafiz,S8738745J,M,Singaporean,03/11/68,Blk 203 Yishun Ring Road #09-200,708798,69173698,66550757,93151093,hafiz.ng86@yahoo.com,Sulfa drugs
Sim Siti,S6331563H,F,Singaporean,10/11/89,Blk 580 Pasir Ris Drive 1 #19-256,482199,66307189,68185805,81081065,siti.sim41@yahoo.com,None
Koh Mei Ling,S6562703H,F,Singaporean,16/05/72,Blk 180 Woodlands Street 13 #18-211,736095,62375290,65707954,84295580,mei.koh34@gmail.com,Sulfa drugs
Chan Wei Ming,T4569531A,M,Singaporean,16/09/84,Blk 402 Toa Payoh Lorong 4 #05-474,718241,65882155,63246154,99407451,wei.chan66@gmail.com,None
Chan Hui Min,S3782393I,F,Singaporean,19/03/60,Blk 894 Clementi Ave 2 #19-775,606990,67019590,61678132,89181277,hui.chan30@gmail.com,Aspirin
Chua Hui Min,S9688672F,F,Singaporean,02/08/08,Blk 332 Bedok North Road #02-764,646699,65588489,65417710,87319298,hui.chua84@outlook.com,Codeine
Chan Kai Xuan,T4739628I,M,Singaporean,16/06/02,Blk 7 Hougang Ave 8 #16-718,245718,68380275,63778404,82293325,kai.chan66@hotmail.com,None
Wong Hafiz,T2985251J,M,Singaporean,24/06/01,Blk 692 Serangoon Ave 3 #04-593,602290,64535025,63705263,91376582,hafiz.wong32@gmail.com,NSAIDs
Ong Sheng Yang,S3463987A,M,Singaporean,17/03/09,Blk 993 Pasir Ris Drive 1 #13-713,768595,61312392,65755579,84633834,sheng.ong58@icloud.com,Latex
Wong Xin Yi,T3394312Z,F,Chinese,22/10/61,Blk 172 Yishun Ring Road #17-370,818894,66749069,68607966,84855635,xin.wong49@outlook.com,NSAIDs
Tan Arjun,T3509220Z,M,Singaporean,20/10/80,Blk 803 Hougang Ave 8 #02-998,627778,62971598,62563468,93186555,arjun.tan78@icloud.com,Penicillin
Chan Kavya,T1728773I,F,Singaporean,26/08/10,Blk 604 Queenstown Road #13-458,704106,62639417,68138527,85270103,kavya.chan62@yahoo.com,Sulfa drugs
Sim Wan Ting,T5325249D,F,Singaporean,19/01/97,Blk 533 Ang Mo Kio Ave 3 #17-220,493247,64446353,66299951,97077878,wan.sim14@yahoo.com,None
Koh Wan Ting,T7134489Z,F,Singaporean,25/07/93,Blk 566 Queenstown Road #07-523,684646,69094465,63998417,99116148,wan.koh33@hotmail.com,Iodine contrast
Kumar Priya,S4854922H,F,Indian,04/03/10,Blk 411 Queenstown Road #07-620,454877,61873301,63696736,91088762,priya.kumar12@yahoo.com,Latex
Lee Siti,T4720687F,F,Singaporean,13/12/52,Blk 672 Hougang Ave 8 #13-728,400384,61964069,63940561,98364728,siti.lee2@yahoo.com,None
Goh Hui Min,S3843451J,F,Singaporean,01/11/65,Blk 283 Queenstown Road #06-188,518836,66924499,67629401,94360650,hui.goh67@gmail.com,Sulfa drugs
Loh Kai Xuan,T6829664E,M,Singaporean,13/08/62,Blk 268 Clementi Ave 2 #19-104,526911,69493265,62786185,89441777,kai.loh38@hotmail.com,Sulfa drugs
Loh Sarah,T8428425G,F,Singaporean,25/04/99,Blk 470 Woodlands Street 13 #11-894,583100,61458868,69086117,85325497,sarah.loh9@outlook.com,None
Ali Amir,T9665502I,M,Singaporean,08/05/03,Blk 409 Woodlands Street 13 #10-195,458605,62275551,63994493,96265911,amir.ali46@yahoo.com,Iodine contrast
Wong Xin Yi,T4349848D,F,Malaysian,07/05/05,Blk 855 Toa Payoh Lorong 4 #08-307,748645,66973148,63617171,83011227,xin.wong11@outlook.com,Iodine contrast
Loh Wei Ming,T7227644Z,M,Singaporean,28/10/07,Blk 188 Queenstown Road #09-602,635962,65702093,67675310,83151610,wei.loh7@icloud.com,None
Loh Hui Min,T7605473J,F,Indian,23/02/79,Blk 324 Yishun Ring Road #17-571,108827,61198306,64535838,92690268,hui.loh42@hotmail.com,Iodine contrast
Wong Wan Ting,T4978534E,F,Singaporean,12/06/89,Blk 435 Toa Payoh Lorong 4 #06-610,539450,67246319,67124992,95691405,wan.wong58@yahoo.com,Iodine contrast
Tay Arjun,S5528994D,M,Singaporean,07/07/04,Blk 983 Yishun Ring Road #05-919,256812,68935405,61163448,88071943,arjun.tay64@yahoo.com,None
Yeo Nur Aisyah,T1800429G,F,Singaporean,07/01/60,Blk 860 Woodlands Street 13 #09-587,200979,68547311,66614605,97055937,nur.yeo47@icloud.com,None
Rahman Hui Min,T3034027F,F,Indonesian,19/04/88,Blk 665 Hougang Ave 8 #19-765,283017,65774942,66957741,99563838,hui.rahman63@outlook.com,Sulfa drugs
Sim Nur Aisyah,T3430151C,F,Singaporean,14/06/09,Blk 415 Bishan Street 22 #20-685,174809,62327277,63717900,94828861,nur.sim41@hotmail.com,Aspirin
Sim Kavya,T8464156F,F,Malaysian,14/08/83,Blk 875 Ang Mo Kio Ave 3 #06-288,231113,64936391,65221936,84532803,kavya.sim22@outlook.com,Sulfa drugs
Lee Ravi,S1442329G,M,Singaporean,09/02/55,Blk 87 Woodlands Street 13 #20-259,508783,66190378,64847954,85767670,ravi.lee57@yahoo.com,NSAIDs
Tan Wei Ming,T6455972H,M,Singaporean,09/09/05,Blk 139 Yishun Ring Road #18-555,665484,63970181,68659527,99782198,wei.tan82@icloud.com,Aspirin
Yeo Wan Ting,S2502467H,F,Singaporean,05/05/76,Blk 1 Hougang Ave 8 #10-110,242921,66769431,65811072,99977469,wan.yeo2@outlook.com,Latex
Tan Kavya,T4879150A,F,Singaporean,18/07/62,Blk 256 Clementi Ave 2 #14-504,777370,67538471,67347794,85412076,kavya.tan11@outlook.com,None
Teo Wan Ting,T7927377D,F,Indonesian,10/03/61,Blk 467 Pasir Ris Drive 1 #04-752,574760,65565653,69254323,86379509,wan.teo3@yahoo.com,Penicillin
Wong Jun Kai,T5516344C,M,Malaysian,08/01/96,Blk 16 Serangoon Ave 3 #03-254,327738,66736345,68050508,99361693,jun.wong48@outlook.com,Penicillin
Lee Priya,S5471188G,F,Singaporean,07/03/80,Blk 391 Bishan Street 22 #09-936,113228,63046175,65176895,98431651,priya.lee32@gmail.com,None
Ng Wan Ting,S8932696G,F,Singaporean,06/06/69,Blk 960 Hougang Ave 8 #02-862,646230,63049194,65249882,96013251,wan.ng26@hotmail.com,Penicillin
Ng Arjun,T6444432A,M,Singaporean,04/10/67,Blk 249 Ang Mo Kio Ave 3 #13-908,144033,68973718,63600333,92501223,arjun.ng32@yahoo.com,Latex
Sim Zhi Hao,S2002860F,M,Singaporean,26/09/94,Blk 500 Toa Payoh Lorong 4 #04-228,432125,66827024,68360481,81358241,zhi.sim89@outlook.com,Codeine
Koh Wei Ming,T8340032I,M,Singaporean,07/08/94,Blk 557 Bukit Batok West Ave 6 #19-291,439403,68858359,65619177,82155557,wei.koh68@yahoo.com,Latex
Koh Wan Ting,T8618181A,F,Indian,24/07/82,Blk 635 Bishan Street 22 #06-119,481760,65006173,66380354,87501017,wan.koh25@icloud.com,Latex
Sim Kai Xuan,T7875379J,M,Singaporean,22/09/56,Blk 856 Clementi Ave 2 #03-144,287316,61524686,64390323,89143162,kai.sim25@gmail.com,Penicillin
Yeo Wan Ting,T1823520F,F,Singaporean,01/02/95,Blk 504 Punggol Field #07-771,183840,68852729,62018380,97978536,wan.yeo48@gmail.com,Iodine contrast
Chan Hui Min,S6098672B,F,British,04/02/83,Blk 395 Toa Payoh Lorong 4 #08-644,302500,69828037,65173551,87965641,hui.chan96@gmail.com,Iodine contrast
Devi Kavya,S3798595C,F,Singaporean,22/06/82,Blk 615 Serangoon Ave 3 #06-646,469438,66287423,66446792,97917972,kavya.devi98@outlook.com,Codeine
Tay Sheng Yang,S7292514I,M,Filipino,15/06/66,Blk 1 Yishun Ring Road #15-506,136346,65772818,61273509,86064062,sheng.tay1@hotmail.com,None
Ali Wei Ming,T9577712I,M,Singaporean,04/03/86,Blk 365 Clementi Ave 2 #02-571,245131,65445763,67158628,84908993,wei.ali33@hotmail.com,Sulfa drugs
Tay Xin Yi,S6447428H,F,Singaporean,23/12/02,Blk 930 Bedok North Road #19-939,724145,66039762,61626991,92316632,xin.tay8@hotmail.com,Codeine
Singh Siti,S1191837J,F,Indian,10/01/74,Blk 327 Hougang Ave 8 #17-142,692354,63509536,66483324,83570227,siti.singh7@outlook.com,Latex
Chua Amir,T7615632C,M,Singaporean,19/08/55,Blk 409 Tampines Street 21 #02-661,189211,67686174,69419194,93187332,amir.chua98@yahoo.com,Latex
Yeo Amir,S9795418D,M,Singaporean,11/07/67,Blk 116 Woodlands Street 13 #19-191,533672,68105832,67128174,94195887,amir.yeo42@hotmail.com,Iodine contrast
Teo Hafiz,T8419054Z,M,Singaporean,07/04/52,Blk 776 Yishun Ring Road #12-259,189982,62885284,61914996,83477610,hafiz.teo37@gmail.com,Codeine
Teo Ravi,T1381650F,M,Singaporean,07/04/84,Blk 769 Tampines Street 21 #18-635,675458,69103837,63371416,87318411,ravi.teo75@icloud.com,Penicillin
Wong Hui Min,T4367121Z,F,Singaporean,01/11/79,Blk 677 Tampines Street 21 #03-497,795186,67043474,62810117,85907261,hui.wong84@outlook.com,None
Chan Siti,T9131281Z,F,Singaporean,17/04/61,Blk 949 Yishun Ring Road #15-674,122532,61666934,65150551,96596369,siti.chan63@outlook.com,NSAIDs
Rahman Zhi Hao,T6072192D,M,Australian,26/05/82,Blk 264 Punggol Field #02-740,505977,61494355,65700872,83545240,zhi.rahman44@outlook.com,NSAIDs
Kumar Sheng Yang,S8001691D,M,Singaporean,20/05/77,Blk 556 Clementi Ave 2 #11-559,316800,63324928,64394202,86184132,sheng.kumar89@icloud.com,NSAIDs
Ong Sarah,S6326702B,F,Singaporean,04/12/10,Blk 860 Punggol Field #06-425,252591,61494648,66346688,97899659,sarah.ong39@outlook.com,Aspirin
Goh Jun Kai,S4099531A,M,Indian,09/10/89,Blk 628 Toa Payoh Lorong 4 #20-680,725329,64895376,64874066,87027405,jun.goh11@outlook.com,NSAIDs
Rahman Priya,T9245088H,F,Singaporean,02/04/62,Blk 993 Ang Mo Kio Ave 3 #14-882,382967,67929728,64733840,84431982,priya.rahman9@yahoo.com,Latex
Ali Charlotte,S8173194G,F,Indian,27/12/88,Blk 321 Jurong West St 42 #13-837,741209,69995261,69811906,89735042,charlotte.ali14@outlook.com,Latex
Chua Sheng Yang,T1658532I,M,Singaporean,02/11/98,Blk 451 Jurong West St 42 #07-398,419348,65796850,68740121,88087739,sheng.chua38@icloud.com,Penicillin
Devi Ravi,S9399643B,M,Singaporean,18/12/87,Blk 424 Bukit Batok West Ave 6 #05-502,572788,61417955,64001084,94387856,ravi.devi59@gmail.com,Aspirin
Wong Siti,S2915369H,F,Singaporean,23/09/55,Blk 811 Hougang Ave 8 #13-844,741804,63682671,67353173,91736621,siti.wong99@yahoo.com,Codeine
Wong Hafiz,S1860847G,M,Singaporean,10/08/96,Blk 921 Clementi Ave 2 #06-220,312705,61059272,65246497,88694746,hafiz.wong64@outlook.com,None
Sim Ravi,S4638539Z,M,Singaporean,15/07/79,Blk 615 Ang Mo Kio Ave 3 #03-715,356600,65665960,64483580,84101100,ravi.sim19@gmail.com,Codeine
Ong Wei Ming,T6555122B,M,Singaporean,06/03/76,Blk 677 Yishun Ring Road #10-725,723870,63976601,68639301,91601296,wei.ong12@hotmail.com,Codeine
Kumar Siti,T2089275E,F,Singaporean,28/12/57,Blk 540 Jurong West St 42 #09-437,650131,64520621,64507293,82833787,siti.kumar74@icloud.com,Sulfa drugs
Sim Nur Aisyah,T6309796E,F,Singaporean,05/06/89,Blk 509 Hougang Ave 8 #20-676,762550,69350710,69262853,84904421,nur.sim91@hotmail.com,None
Ng Wei Ming,T2978465D,M,Indian,02/07/76,Blk 574 Queenstown Road #11-458,768470,64562439,61189536,85724912,wei.ng33@gmail.com,Aspirin
Chan Wan Ting,T1102865B,F,Singaporean,24/07/71,Blk 984 Ang Mo Kio Ave 3 #19-730,284160,64255041,66545118,99038102,wan.chan61@gmail.com,NSAIDs
Ong Charlotte,T8758960G,F,Filipino,10/09/53,Blk 695 Bukit Batok West Ave 6 #19-842,682145,69990666,61314043,86565326,charlotte.ong46@gmail.com,NSAIDs
Tan Mei Ling,T9963616C,F,Singaporean,20/03/74,Blk 802 Queenstown Road #04-985,423256,66276424,61530633,97943579,mei.tan12@outlook.com,None
Devi Nur Aisyah,S9809723E,F,Singaporean,25/01/73,Blk 455 Hougang Ave 8 #07-194,126146,69097744,69389519,84191222,nur.devi44@outlook.com,None
Ali Priya,S9659503J,F,Australian,02/12/63,Blk 731 Bishan Street 22 #15-496,647718,62943405,61068952,91738700,priya.ali88@icloud.com,Sulfa drugs
Devi Hui Min,S9733844J,F,Malaysian,25/10/51,Blk 914 Toa Payoh Lorong 4 #10-754,436467,64364763,64230379,95641409,hui.devi69@hotmail.com,Latex
Koh Hafiz,S5590865B,M,Singaporean,17/09/89,Blk 556 Bukit Batok West Ave 6 #04-311,676051,66343290,65547499,85752443,hafiz.koh74@yahoo.com,NSAIDs
Teo Daniel,T8443172A,M,Singaporean,02/11/80,Blk 56 Bedok North Road #04-492,547181,67575272,64002836,96966385,daniel.teo40@hotmail.com,None
Devi Daniel,S2558874H,M,Singaporean,21/11/69,Blk 238 Toa Payoh Lorong 4 #15-581,250703,65329406,67097668,94076154,daniel.devi90@hotmail.com,Codeine
Yeo Hui Min,S8974787B,F,Singaporean,10/03/79,Blk 589 Clementi Ave 2 #12-718,632623,62726915,67806281,86467186,hui.yeo72@gmail.com,Aspirin
